"id","grade_id","post_id","department_id","last_name","first_name","patronymic","email","phone","director_id"
"22001","4409","5502","6601","Андреев","Николай","Валерьевич","venaz_oyojo3@alfabank.ru","7 (917) 408-24-05","-1"
"22002","4409","5502","6606","Карасев","Максим","Егорович","zoduvon-ofe57@alfabank.ru","7 (926) 352-82-29","22001"
"22003","4408","5501","6609","Смирнова","Милана","Максимовна","cuvom_awive11@alfabank.ru","7 (912) 899-67-12","22001"
"22004","4407","5502","6613","Игнатова","Варвара","Тимофеевна","mucaw-ehuye79@alfabank.ru","7 (964) 020-82-67","22001"
"22005","4409","5502","6616","Романов","Марк","Николаевич","veboko_dawo99@alfabank.ru","7 (991) 546-42-30","22001"
"22006","4409","5502","6619","Цветкова","Любовь","Андреевна","safi-tokava15@alfabank.ru","7 (900) 309-50-42","22001"
"22007","4408","5504","6603","Макаров","Иван","Ильич","yanaw-ilaye69@alfabank.ru","7 (933) 633-60-14","22002"
"22008","4408","5503","6604","Федоров","Максим","Олегович","hew_irokoyu26@alfabank.ru","7 (905) 203-90-35","22002"
"22009","4409","5503","6605","Леонтьева","Дарина","Игоревна","gubeh_enowa26@alfabank.ru","7 (938) 924-60-31","22002"
"22010","4407","5506","6607","Богомолов","Артём","Кириллович","kecogu-zopu54@alfabank.ru","7 (963) 308-54-51","22003"
"22011","4406","5511","6608","Петров","Андрей","Павлович","tekoza-bivu65@alfabank.ru","7 (995) 470-35-44","22003"
"22012","4408","5508","6610","Александров","Артём","Миронович","yina-lusoxo14@alfabank.ru","7 (984) 086-69-85","22004"
"22013","4406","5512","6611","Иванов","Максим","Кириллович","rawihi-yohi84@alfabank.ru","7 (901) 283-33-57","22004"
"22014","4405","5512","6612","Лебедева","Мария","Константиновна","palubem-uka96@alfabank.ru","7 (913) 736-30-58","22004"
"22015","4405","5509","6614","Дьяконов","Дмитрий","Александрович","hafi_zinogo8@alfabank.ru","7 (902) 773-91-80","22005"
"22016","4406","5513","6615","Карпова","Виктория","Львовна","bozezah-etu32@alfabank.ru","7 (956) 839-20-17","22005"
"22017","4408","5513","6617","Румянцев","Иван","Елисеевич","jobe-gexuti22@alfabank.ru","7 (960) 432-93-30","22006"
"22018","4404","5520","6618","Зверева","Дарья","Алиевна","yededi_mema4@alfabank.ru","7 (963) 676-88-01","22006"
"22019","4403","5521","6620","Тимофеева","Евгения","Артёмовна","joxiro_muma5@alfabank.ru","7 (929) 254-73-52","22007"
"22020","4404","5523","6621","Белоусова","Василиса","Тимуровна","yiz_owufaba37@alfabank.ru","7 (934) 554-28-37","22007"
"22021","4406","5505","6603","Петров","Георгий","Дмитриевич","mojugom-ono33@alfabank.ru","7 (968) 501-69-49","22008"
"22022","4405","5507","6603","Кузнецов","Даниил","Алексеевич","zokoy-isepe14@alfabank.ru","7 (980) 532-65-55","22009"
"22023","4407","5510","6604","Абрамова","Амина","Юрьевна","voremaz-ahu94@alfabank.ru","7 (952) 298-73-03","22009"
"22024","4406","5514","6604","Успенская","София","Львовна","cep_abepaji1@alfabank.ru","7 (903) 787-86-69","22010"
"22025","4404","5515","6605","Дементьева","Полина","Матвеевна","futomo_vazi1@alfabank.ru","7 (989) 483-03-02","22010"
"22026","4403","5516","6605","Горбунова","Ульяна","Матвеевна","riniva-newe3@alfabank.ru","7 (903) 085-40-31","22011"
"22027","4403","5517","6607","Калинин","Арсений","Александрович","dig_ahepiju9@alfabank.ru","7 (929) 878-45-99","22011"
"22028","4404","5518","6607","Терехова","Ксения","Марковна","hadu_yopabu31@alfabank.ru","7 (965) 574-65-09","22012"
"22029","4403","5519","6608","Лебедев","Иван","Андреевич","digokab_elu47@alfabank.ru","7 (977) 086-92-33","22012"
"22030","4404","5522","6608","Мартынова","Мария","Александровна","gika-yusigi14@alfabank.ru","7 (950) 127-93-37","22013"
"22031","4405","5505","6610","Родина","Варвара","Максимовна","hozusa-biye5@alfabank.ru","7 (954) 880-37-54","22013"
"22032","4407","5507","6610","Гордеев","Давид","Тимофеевич","pidi_suwofi72@alfabank.ru","7 (908) 521-28-35","22014"
"22033","4407","5510","6611","Рыбаков","Иван","Артёмович","ropem-awiju6@alfabank.ru","7 (938) 841-60-48","22014"
"22034","4407","5514","6611","Степанов","Иван","Дмитриевич","yoma_kukaha1@alfabank.ru","7 (901) 688-34-37","22015"
"22035","4407","5515","6612","Симонов","Матвей","Николаевич","hutevat-ece88@alfabank.ru","7 (968) 031-56-35","22015"
"22036","4407","5516","6612","Парфенов","Анатолий","Маркович","sug_ayonuca4@alfabank.ru","7 (970) 735-13-30","22015"
"22037","4407","5517","6614","Фролова","Полина","Константиновна","dak_aguwoke99@alfabank.ru","7 (920) 751-78-70","22016"
"22038","4405","5518","6614","Павлова","Алиса","Мирославовна","hifekis-ubu65@alfabank.ru","7 (982) 350-84-64","22016"
"22039","4405","5519","6615","Львова","Алиса","Алексеевна","moyey_ifebi10@alfabank.ru","7 (903) 666-26-32","22017"
"22040","4405","5522","6615","Максимова","Зоя","Владимировна","fedogi_tezu49@alfabank.ru","7 (906) 765-72-26","22017"
"22041","4404","5505","6617","Тихомиров","Андрей","Ильич","zov_epatepu5@alfabank.ru","7 (964) 318-49-60","22018"
"22042","4405","5507","6617","Андреев","Михаил","Миронович","pofuniw_ime29@alfabank.ru","7 (911) 797-00-06","22018"
"22043","4406","5510","6618","Сорокина","Василиса","Дмитриевна","teviwo-ruxi64@alfabank.ru","7 (925) 096-84-43","22019"
"22044","4407","5514","6618","Киселева","Марина","Александровна","jaxu_vuguxe4@alfabank.ru","7 (916) 869-10-32","22019"
"22045","4405","5515","6618","Селезнева","Лидия","Александровна","cenicah-anu75@alfabank.ru","7 (970) 535-82-95","22020"
"22046","4404","5516","6620","Грачева","Нина","Кирилловна","gimepel_ilu40@alfabank.ru","7 (908) 853-27-96","22020"
"22047","4405","5517","6620","Виноградова","Алиса","Семёновна","puw-ucuseri15@alfabank.ru","7 (909) 815-19-67","22021"
"22048","4407","5518","6621","Моргунов","Тимофей","Владиславович","kih_eyulavu30@alfabank.ru","7 (961) 082-82-35","22021"
"22049","4403","5519","6603","Сорокин","Кирилл","Ярославович","tegi-voweru5@alfabank.ru","7 (903) 700-59-58","22022"
"22050","4402","5522","6603","Дубровина","Алиса","Марковна","wodod_ezeyu88@alfabank.ru","7 (978) 023-92-62","22023"
"22051","4401","5505","6603","Куприянов","Максим","Андреевич","jojavol-ani68@alfabank.ru","7 (900) 106-81-62","22024"
"22052","4402","5507","6603","Покровский","Фёдор","Андреевич","govido_dare5@alfabank.ru","7 (920) 685-07-88","22025"
"22053","4403","5510","6604","Щеглов","Святослав","Аркадьевич","ralok-ujoga1@alfabank.ru","7 (906) 830-10-97","22026"
"22054","4403","5514","6604","Беляева","Оливия","Максимовна","gakod_apira88@alfabank.ru","7 (966) 784-69-88","22027"
"22055","4403","5515","6604","Кондратьева","Софья","Святославовна","lom-enuwito37@alfabank.ru","7 (983) 059-54-32","22028"
"22056","4403","5516","6605","Максимова","Алисия","Никитична","sagovu_gazu7@alfabank.ru","7 (963) 689-20-08","22029"
"22057","4403","5517","6605","Макарова","Александра","Ивановна","tos-uhabike77@alfabank.ru","7 (912) 086-62-84","22030"
"22058","4403","5518","6605","Морозова","Арина","Денисовна","banivum_iko57@alfabank.ru","7 (925) 164-41-95","22031"
"22059","4403","5519","6607","Матвеев","Тимофей","Кириллович","woro_furapo4@alfabank.ru","7 (964) 287-73-28","22032"
"22060","4402","5522","6607","Воронина","Варвара","Ивановна","nafopo-yine18@alfabank.ru","7 (999) 535-59-39","22033"
"22061","4401","5505","6607","Егорова","Варвара","Леонидовна","fajiwo_sule11@alfabank.ru","7 (994) 326-40-90","22034"
"22062","4402","5507","6608","Щербаков","Юрий","Константинович","vifu_rovoha2@alfabank.ru","7 (914) 148-04-50","22035"
"22063","4402","5510","6608","Ермаков","Семён","Савельевич","ruy_itupami11@alfabank.ru","7 (987) 650-36-07","22035"
"22064","4403","5514","6608","Громов","Артемий","Тимофеевич","towihiw_ede61@alfabank.ru","7 (937) 620-94-22","22036"
"22065","4402","5515","6610","Кузнецов","Али","Кириллович","sapuzor-eye25@alfabank.ru","7 (923) 313-78-74","22036"
"22066","4402","5516","6610","Смирнова","Ульяна","Степановна","dinuk-epezi91@alfabank.ru","7 (968) 562-23-82","22037"
"22067","4402","5517","6610","Малышев","Владимир","Яковлевич","tela_hokeju28@alfabank.ru","7 (920) 207-88-25","22037"
"22068","4402","5518","6611","Рыбакова","Агния","Михайловна","pukux-isewi7@alfabank.ru","7 (932) 467-35-95","22038"
"22069","4402","5519","6611","Шувалова","Мирослава","Ивановна","yoyol-onoha20@alfabank.ru","7 (963) 852-73-77","22038"
"22070","4402","5522","6611","Грибова","Екатерина","Львовна","lej_eluvowo46@alfabank.ru","7 (906) 423-56-59","22039"
"22071","4402","5505","6611","Шестаков","Никита","Данильевич","gan-ovusuli31@alfabank.ru","7 (960) 904-93-32","22039"
"22072","4401","5507","6612","Баранова","Алина","Александровна","zugura-fera52@alfabank.ru","7 (920) 872-70-52","22040"
"22073","4403","5510","6612","Тихонов","Иван","Артёмович","padixu_xifo44@alfabank.ru","7 (992) 135-56-41","22040"
"22074","4402","5514","6612","Ильина","Аделина","Данииловна","xuzam-ehoxi45@alfabank.ru","7 (985) 325-89-49","22041"
"22075","4402","5515","6612","Ермаков","Тимофей","Фёдорович","hoyifur-ana5@alfabank.ru","7 (989) 675-35-79","22041"
"22076","4402","5516","6612","Антонов","Олег","Александрович","hoz_ivegawu61@alfabank.ru","7 (963) 907-73-90","22041"
"22077","4403","5517","6614","Попова","Вера","Львовна","tohi-vunuja38@alfabank.ru","7 (978) 394-17-25","22042"
"22078","4401","5518","6614","Егорова","Василиса","Фёдоровна","xecefed_abu44@alfabank.ru","7 (969) 724-05-66","22042"
"22079","4403","5519","6614","Сергеева","Таисия","Андреевна","velejah-aco16@alfabank.ru","7 (932) 706-01-47","22043"
"22080","4403","5522","6614","Зиновьев","Дмитрий","Максимович","taxow-uzaje81@alfabank.ru","7 (956) 502-24-01","22043"
"22081","4403","5505","6614","Соколов","Виктор","Тимофеевич","xupiz_arawi68@alfabank.ru","7 (982) 291-42-96","22043"
"22082","4403","5507","6614","Кузнецова","Анна","Святославовна","memig_exoji24@alfabank.ru","7 (924) 088-91-60","22044"
"22083","4403","5510","6615","Блинов","Филипп","Тимофеевич","moyeraz_owo28@alfabank.ru","7 (927) 642-09-37","22044"
"22084","4403","5514","6615","Горбачев","Юрий","Семёнович","mifak-ewazu60@alfabank.ru","7 (921) 820-29-20","22045"
"22085","4403","5515","6615","Новиков","Георгий","Тимофеевич","funif_arulu24@alfabank.ru","7 (994) 707-72-40","22045"
"22086","4403","5516","6615","Козин","Андрей","Никитич","nenetag-asi92@alfabank.ru","7 (996) 545-21-12","22045"
"22087","4403","5517","6615","Дмитриев","Артём","Маркович","zel-ekubihe20@alfabank.ru","7 (999) 124-48-59","22045"
"22088","4402","5518","6617","Мартынов","Артемий","Николаевич","vehekar-iki75@alfabank.ru","7 (902) 606-63-86","22046"
"22089","4402","5519","6617","Борисова","Василиса","Ильинична","ceba-coregu94@alfabank.ru","7 (950) 665-34-91","22046"
"22090","4402","5522","6617","Демин","Егор","Тимурович","wuc-ogoxiso51@alfabank.ru","7 (969) 947-94-75","22046"
"22091","4402","5505","6617","Краснова","Анна","Богдановна","supava_nove37@alfabank.ru","7 (916) 662-98-02","22046"
"22092","4402","5507","6618","Завьялов","Дмитрий","Александрович","kiy-upexodo75@alfabank.ru","7 (922) 674-06-17","22047"
"22093","4401","5510","6618","Иванова","Валерия","Александровна","tutunov_ofi50@alfabank.ru","7 (991) 697-84-99","22047"
"22094","4403","5514","6618","Титова","Ксения","Никитична","yoz-umocoto22@alfabank.ru","7 (965) 829-38-76","22047"
"22095","4402","5515","6618","Фадеева","Таисия","Давидовна","buwavo-difa68@alfabank.ru","7 (965) 725-55-80","22048"
"22096","4402","5516","6618","Андреева","Евгения","Артёмовна","gudil-okecu75@alfabank.ru","7 (901) 497-32-75","22048"
"22097","4402","5517","6618","Краснова","Мария","Тимофеевна","hobe_kevono12@alfabank.ru","7 (991) 779-32-49","22048"
"22098","4401","5518","6620","Сорокина","Василиса","Матвеевна","wacuron_eme45@alfabank.ru","7 (933) 468-17-41","22049"
"22099","4403","5519","6621","Воробьева","София","Михайловна","bozak-uwovi2@alfabank.ru","7 (991) 801-25-29","22049"
