"user_id","last_name","first_name","patronymic","e-mail","phone","grade_id","post_id","department_id","director_id"
"110001","Андреев","Николай","Валерьевич","venaz_oyojo3@alfabank.ru","7(917)408-24-05","4409","5502","6601",
"110002","Карасев","Максим","Егорович","zoduvon-ofe57@alfabank.ru","7(926)352-82-29","4409","5502","6602","33001",
"110003","Смирнова","Милана","Максимовна","cuvom_awive11@alfabank.ru","7(912)899-67-12","4409","5502","6606","33001"
"110004","Игнатова","Варвара","Тимофеевна","mucaw-ehuye79@alfabank.ru","7(964)020-82-67","4408","5501","6609","33001"
"110005","Романов","Марк","Николаевич","veboko_dawo99@alfabank.ru","7 (991) 546-42-30","4407","5502","6613","33001"
"110006","Цветкова","Любовь","Андреевна","safi-tokava15@alfabank.ru","7 (900) 309-50-42","4409","5502","6616","33001"
"110007","Макаров","Иван","Ильич","yanaw-ilaye69@alfabank.ru","7 (933) 633-60-14","4409","5502","6619","33001"
"110008","Федоров","Максим","Олегович","hew_irokoyu26@alfabank.ru","7 (905) 203-90-35","4408","5504","6603","33002"
"110009","Леонтьева","Дарина","Игоревна","gubeh_enowa26@alfabank.ru","7 (938) 924-60-31","4408","5503","6604","33002"
"110010","Богомолов","Артём","Кириллович","kecogu-zopu54@alfabank.ru","7 (963) 308-54-51","4409","5503","6605","33002"
"110011","Петров","Андрей","Павлович","tekoza-bivu65@alfabank.ru","7 (995) 470-35-44","4407","5506","6607","33003"
"110012","Александров","Артём","Миронович","yina-lusoxo14@alfabank.ru","7 (984) 086-69-85","4406","5511","6608","33003"
"110013","Иванов","Максим","Кириллович","rawihi-yohi84@alfabank.ru","7 (901) 283-33-57","4408","5508","6610","33004"
"110014","Лебедева","Мария","Константиновна","palubem-uka96@alfabank.ru","7 (913) 736-30-58","4406","5512","6611","33004"
"110015","Дьяконов","Дмитрий","Александрович","hafi_zinogo8@alfabank.ru","7 (902) 773-91-80","4405","5512","6612","33004"
"110016","Карпова","Виктория","Львовна","bozezah-etu32@alfabank.ru","7 (956) 839-20-17","4405","5509","6614","33005"
"110017","Румянцев","Иван","Елисеевич","jobe-gexuti22@alfabank.ru","7 (960) 432-93-30","4406","5513","6615","33005"
"110018","Зверева","Дарья","Алиевна","yededi_mema4@alfabank.ru","7 (963) 676-88-01","4408","5513","6617","33006"
"110019","Тимофеева","Евгения","Артёмовна","joxiro_muma5@alfabank.ru","7 (929) 254-73-52","4404","5520","6618","33006"
"110020","Белоусова","Василиса","Тимуровна","yiz_owufaba37@alfabank.ru","7 (934) 554-28-37","4403","5521","6620","33007"
"110021","Петров","Георгий","Дмитриевич","mojugom-ono33@alfabank.ru","7 (968) 501-69-49","4404","5523","6621","33007"
"110022","Кузнецов","Даниил","Алексеевич","zokoy-isepe14@alfabank.ru","7 (980) 532-65-55","4406","5505","6603","33008"
"110023","Абрамова","Амина","Юрьевна","voremaz-ahu94@alfabank.ru","7 (952) 298-73-03","4405","5507","6603","33009"
"110024","Успенская","София","Львовна","cep_abepaji1@alfabank.ru","7 (903) 787-86-69","4407","5510","6604","33009"
"110025","Дементьева","Полина","Матвеевна","futomo_vazi1@alfabank.ru","7 (989) 483-03-02","4406","5514","6604","33010"
"110026","Горбунова","Ульяна","Матвеевна","riniva-newe3@alfabank.ru","7 (903) 085-40-31","4404","5515","6605","33010"
"110027","Калинин","Арсений","Александрович","dig_ahepiju9@alfabank.ru","7 (929) 878-45-99","4403","5516","6605","33011"
"110028","Терехова","Ксения","Марковна","hadu_yopabu31@alfabank.ru","7 (965) 574-65-09","4403","5517","6607","33011"
"110029","Лебедев","Иван","Андреевич","digokab_elu47@alfabank.ru","7 (977) 086-92-33","4404","5518","6607","33012"
"110030","Мартынова","Мария","Александровна","gika-yusigi14@alfabank.ru","7 (950) 127-93-37","4403","5519","6608","33012"
"110031","Родина","Варвара","Максимовна","hozusa-biye5@alfabank.ru","7 (954) 880-37-54","4404","5522","6608","33013"
"110032","Гордеев","Давид","Тимофеевич","pidi_suwofi72@alfabank.ru","7 (908) 521-28-35","4405","5505","6610","33013"
"110033","Рыбаков","Иван","Артёмович","ropem-awiju6@alfabank.ru","7 (938) 841-60-48","4407","5507","6610","33014"
"110034","Степанов","Иван","Дмитриевич","yoma_kukaha1@alfabank.ru","7 (901) 688-34-37","4407","5510","6611","33014"
"110035","Симонов","Матвей","Николаевич","hutevat-ece88@alfabank.ru","7 (968) 031-56-35","4407","5514","6611","33015"
"110036","Парфенов","Анатолий","Маркович","sug_ayonuca4@alfabank.ru","7 (970) 735-13-30","4407","5515","6612","33015"
"110037","Фролова","Полина","Константиновна","dak_aguwoke99@alfabank.ru","7 (920) 751-78-70","4407","5516","6612","33015"
"110038","Павлова","Алиса","Мирославовна","hifekis-ubu65@alfabank.ru","7 (982) 350-84-64","4407","5517","6614","33016"
"110039","Львова","Алиса","Алексеевна","moyey_ifebi10@alfabank.ru","7 (903) 666-26-32","4405","5518","6614","33016"
"110040","Максимова","Зоя","Владимировна","fedogi_tezu49@alfabank.ru","7 (906) 765-72-26","4405","5519","6615","33017"
"110041","Тихомиров","Андрей","Ильич","zov_epatepu5@alfabank.ru","7 (964) 318-49-60","4405","5522","6615","33017"
"110042","Андреев","Михаил","Миронович","pofuniw_ime29@alfabank.ru","7 (911) 797-00-06","4404","5505","6617","33018"
"110043","Сорокина","Василиса","Дмитриевна","teviwo-ruxi64@alfabank.ru","7 (925) 096-84-43","4405","5507","6617","33018"
"110044","Киселева","Марина","Александровна","jaxu_vuguxe4@alfabank.ru","7 (916) 869-10-32","4406","5510","6618","33019"
"110045","Селезнева","Лидия","Александровна","cenicah-anu75@alfabank.ru","7 (970) 535-82-95","4407","5514","6618","33019"
"110046","Грачева","Нина","Кирилловна","gimepel_ilu40@alfabank.ru","7 (908) 853-27-96","4405","5515","6618","33020"
"110047","Виноградова","Алиса","Семёновна","puw-ucuseri15@alfabank.ru","7 (909) 815-19-67","4404","5516","6620","33020"
"110048","Моргунов","Тимофей","Владиславович","kih_eyulavu30@alfabank.ru","7 (961) 082-82-35","4405","5517","6620","33021"
"110049","Сорокин","Кирилл","Ярославович","tegi-voweru5@alfabank.ru","7 (903) 700-59-58","4407","5518","6621","33021"
"110050","Дубровина","Алиса","Марковна","wodod_ezeyu88@alfabank.ru","7 (978) 023-92-62","4403","5519","6603","33022"
"110051","Куприянов","Максим","Андреевич","jojavol-ani68@alfabank.ru","7 (900) 106-81-62","4402","5522","6603","33023"
"110052","Покровский","Фёдор","Андреевич","govido_dare5@alfabank.ru","7 (920) 685-07-88","4401","5505","6603","33024"
"110053","Щеглов","Святослав","Аркадьевич","ralok-ujoga1@alfabank.ru","7 (906) 830-10-97","4402","5507","6603","33025"
"110054","Беляева","Оливия","Максимовна","gakod_apira88@alfabank.ru","7 (966) 784-69-88","4403","5510","6604","33026"
"110055","Кондратьева","Софья","Святославовна","lom-enuwito37@alfabank.ru","7 (983) 059-54-32","4403","5514","6604","33027"
"110056","Максимова","Алисия","Никитична","sagovu_gazu7@alfabank.ru","7 (963) 689-20-08","4403","5515","6604","33028"
"110057","Макарова","Александра","Ивановна","tos-uhabike77@alfabank.ru","7 (912) 086-62-84","4403","5516","6605","33029"
"110058","Морозова","Арина","Денисовна","banivum_iko57@alfabank.ru","7 (925) 164-41-95","4403","5517","6605","33030"
"110059","Матвеев","Тимофей","Кириллович","woro_furapo4@alfabank.ru","7 (964) 287-73-28","4403","5518","6605","33031"
"110060","Воронина","Варвара","Ивановна","nafopo-yine18@alfabank.ru","7 (999) 535-59-39","4403","5519","6607","33032"
"110061","Егорова","Варвара","Леонидовна","fajiwo_sule11@alfabank.ru","7 (994) 326-40-90","4402","5522","6607","33033"
"110062","Щербаков","Юрий","Константинович","vifu_rovoha2@alfabank.ru","7 (914) 148-04-50","4401","5505","6607","33034"
"110063","Ермаков","Семён","Савельевич","ruy_itupami11@alfabank.ru","7 (987) 650-36-07","4402","5507","6608","33035"
"110064","Громов","Артемий","Тимофеевич","towihiw_ede61@alfabank.ru","7 (937) 620-94-22","4402","5510","6608","33035"
"110065","Кузнецов","Али","Кириллович","sapuzor-eye25@alfabank.ru","7 (923) 313-78-74","4403","5514","6608","33036"
"110066","Смирнова","Ульяна","Степановна","dinuk-epezi91@alfabank.ru","7 (968) 562-23-82","4402","5515","6610","33036"
"110067","Малышев","Владимир","Яковлевич","tela_hokeju28@alfabank.ru","7 (920) 207-88-25","4402","5516","6610","33037"
"110068","Рыбакова","Агния","Михайловна","pukux-isewi7@alfabank.ru","7 (932) 467-35-95","4402","5517","6610","33037"
"110069","Шувалова","Мирослава","Ивановна","yoyol-onoha20@alfabank.ru","7 (963) 852-73-77","4402","5518","6611","33038"
"110070","Грибова","Екатерина","Львовна","lej_eluvowo46@alfabank.ru","7 (906) 423-56-59","4402","5519","6611","33038"
"110071","Шестаков","Никита","Данильевич","gan-ovusuli31@alfabank.ru","7 (960) 904-93-32","4402","5522","6611","33039"
"110072","Баранова","Алина","Александровна","zugura-fera52@alfabank.ru","7 (920) 872-70-52","4402","5505","6611","33039"
"110073","Тихонов","Иван","Артёмович","padixu_xifo44@alfabank.ru","7 (992) 135-56-41","4401","5507","6612","33040"
"110074","Ильина","Аделина","Данииловна","xuzam-ehoxi45@alfabank.ru","7 (985) 325-89-49","4403","5510","6612","33040"
"110075","Ермаков","Тимофей","Фёдорович","hoyifur-ana5@alfabank.ru","7 (989) 675-35-79","4402","5514","6612","33041"
"110076","Антонов","Олег","Александрович","hoz_ivegawu61@alfabank.ru","7 (963) 907-73-90","4402","5515","6612","33041"
"110077","Попова","Вера","Львовна","tohi-vunuja38@alfabank.ru","7 (978) 394-17-25","4402","5516","6612","33041"
"110078","Егорова","Василиса","Фёдоровна","xecefed_abu44@alfabank.ru","7 (969) 724-05-66","4403","5517","6614","33042"
"110079","Сергеева","Таисия","Андреевна","velejah-aco16@alfabank.ru","7 (932) 706-01-47","4401","5518","6614","33042"
"110080","Зиновьев","Дмитрий","Максимович","taxow-uzaje81@alfabank.ru","7 (956) 502-24-01","4403","5519","6614","33043"
"110081","Соколов","Виктор","Тимофеевич","xupiz_arawi68@alfabank.ru","7 (982) 291-42-96","4403","5522","6614","33043"
"110082","Кузнецова","Анна","Святославовна","memig_exoji24@alfabank.ru","7 (924) 088-91-60","4403","5505","6614","33043"
"110083","Блинов","Филипп","Тимофеевич","moyeraz_owo28@alfabank.ru","7 (927) 642-09-37","4403","5507","6614","33044"
"110084","Горбачев","Юрий","Семёнович","mifak-ewazu60@alfabank.ru","7 (921) 820-29-20","4403","5510","6615","33044"
"110085","Новиков","Георгий","Тимофеевич","funif_arulu24@alfabank.ru","7 (994) 707-72-40","4403","5514","6615","33045"
"110086","Козин","Андрей","Никитич","nenetag-asi92@alfabank.ru","7 (996) 545-21-12","4403","5515","6615","33045"
"110087","Дмитриев","Артём","Маркович","zel-ekubihe20@alfabank.ru","7 (999) 124-48-59","4403","5516","6615","33045"
"110088","Мартынов","Артемий","Николаевич","vehekar-iki75@alfabank.ru","7 (902) 606-63-86","4403","5517","6615","33045"
"110089","Борисова","Василиса","Ильинична","ceba-coregu94@alfabank.ru","7 (950) 665-34-91","4402","5518","6617","33046"
"110090","Демин","Егор","Тимурович","wuc-ogoxiso51@alfabank.ru","7 (969) 947-94-75","4402","5519","6617","33046"
"110091","Краснова","Анна","Богдановна","supava_nove37@alfabank.ru","7 (916) 662-98-02","4402","5522","6617","33046"
"110092","Завьялов","Дмитрий","Александрович","kiy-upexodo75@alfabank.ru","7 (922) 674-06-17","4402","5505","6617","33046"
"110093","Иванова","Валерия","Александровна","tutunov_ofi50@alfabank.ru","7 (991) 697-84-99","4402","5507","6618","33047"
"110094","Титова","Ксения","Никитична","yoz-umocoto22@alfabank.ru","7 (965) 829-38-76","4401","5510","6618","33047"
"110095","Фадеева","Таисия","Давидовна","buwavo-difa68@alfabank.ru","7 (965) 725-55-80","4403","5514","6618","33047"
"110096","Андреева","Евгения","Артёмовна","gudil-okecu75@alfabank.ru","7 (901) 497-32-75","4402","5515","6618","33048"
"110097","Краснова","Мария","Тимофеевна","hobe_kevono12@alfabank.ru","7 (991) 779-32-49","4402","5516","6618","33048"
"110098","Сорокина","Василиса","Матвеевна","wacuron_eme45@alfabank.ru","7 (933) 468-17-41","4402","5517","6618","33048"
"110099","Воробьева","София","Михайловна","bozak-uwovi2@alfabank.ru","7 (991) 801-25-29","4401","5518","6620","33049"
"110100","Николаева","Татьяна","Львовна","hasu_joneni68@alfabank.ru","7 (988) 634-85-48","4403","5519","6621","33049"
